causal_snp_id	causal_snp_pos	AF_causal	interacting_snp_A	pos_A	AF_A	interacting_snp_B	pos_B	AF_B	interaction_p_value	neg_log10_p	t_statistic	beta_estimated	beta_simulated	bonferroni_threshold
286896	34750184	0.2486	283837	34553237	0.56405	285327	34645168	0.6739	8.969604398923361e-9	8.047226710930635	5.754044568987898	0.12987755766669826	0.22991423608972014	1.78788528927984e-6
369009	40058255	0.2507	368385	40016608	0.45505	369321	40079010	0.4266	2.3314713311351313e-7	6.632369920465275	5.174346454147262	0.0943163547594675	0.22772762836062607	9.555479111722662e-7
290774	35004430	0.2463	290463	34985760	0.55285	291030	35020624	0.64395	6.756995769959978e-11	10.170246352953612	6.533075050828436	0.14533977911844606	0.22873006292900142	1.4402580942504897e-6
285656	34666918	0.25145	283977	34562530	0.87265	284810	34612673	0.3021	5.499641616446385e-7	6.259665610336827	5.011275814830068	0.15443622862332954	0.2295836668577631	1.6324931435287972e-6
251619	32476950	0.2537	249797	32374054	0.60875	252279	32517328	0.58705	5.8215306141773913e-8	7.2349628143370275	-5.428327785190825	-0.10761346541440488	0.22798344462971853	8.884150675195452e-7
125288	24169814	0.2495	125099	24157715	0.5312	125463	24180063	0.6717	3.6096148085801943e-7	6.442539140319708	5.091895672122226	0.13184726580054518	0.2294499064816121	9.323487730290147e-7
85112	21583870	0.2531	83290	21463126	0.7133	84360	21537464	0.76865000000000006	1.2985539536077777e-7	6.886540001161866	-5.28286381368007	-0.1312074107871086	0.2285176316996829	6.557807069316021e-7
128688	24382872	0.25115	127531	24310431	0.4268	129009	24400888	0.51525	3.3020021824709103e-7	6.481222644024539	5.108797783300012	0.08604449561391601	0.2281026783011685	1.2098335269066976e-6
290665	34998363	0.24715	290463	34985760	0.55285	291030	35020624	0.64395	9.120415051318583e-11	10.0399853973738	6.487831600215105	0.14433964356349144	0.22836723616476926	1.3768415255404105e-6
328641	37431243	0.25085	328476	37421027	0.67815	328826	37443885	0.623	3.428490210974178e-7	6.464897086194513	-5.101670952114361	-0.11560909500697962	0.22949056255497027	5.602052592069734e-7
125109	24158850	0.2495	125099	24157715	0.5312	125463	24180063	0.6717	3.6608429032901915e-7	6.436418907474126	5.0892167583631425	0.13177820341527488	0.22941965810483947	9.154994049253868e-7
429927	44006354	0.2467	427658	43868054	0.49045	427991	43887180	0.3016	1.0124947019362318e-7	6.994607240632681	5.328377887749197	0.10395965763334816	0.23077737813358257	8.676036786395975e-7
450652	45308293	0.2543	450322	45288558	0.54475	450351	45290517	0.4074	3.219884202756639e-8	7.492159746629665	5.533408289975511	0.0991873164635669	0.22629891495629265	5.107095798902997e-7
125111	24158985	0.2495	125099	24157715	0.5312	125463	24180063	0.6717	3.6608429032901915e-7	6.436418907474126	5.0892167583631425	0.13177820341527488	0.22941965810483947	9.154994049253868e-7
337276	37990093	0.2542	337200	37985458	0.46235	337652	38016595	0.60425	2.3744084022592815e-9	8.62444457957139	5.975346087318916	0.10624569029597303	0.22856766567267184	8.625150940141453e-7
125153	24161846	0.24945	125099	24157715	0.5312	125463	24180063	0.6717	3.6096148085801943e-7	6.442539140319708	5.091895672122226	0.13184726580054518	0.2294499064816121	9.266809993327898e-7
285810	34678009	0.2512	283977	34562530	0.87265	284810	34612673	0.3021	5.612301503959672e-7	6.250859005856672	5.007363022966557	0.15431659657093025	0.22969107571538572	1.5809776765952066e-6
328595	37427957	0.24955	328476	37421027	0.67815	328826	37443885	0.623	2.585841248405925e-7	6.587398141117501	-5.1549244145616875	-0.11681399201813843	0.23004179290451354	5.628665668516622e-7
128833	24390818	0.25115	127531	24310431	0.4268	129009	24400888	0.51525	3.3020021824709103e-7	6.481222644024539	5.108797783300012	0.08604449561391601	0.2281026783011685	1.2619570429822569e-6
482724	47360301	0.24885	481691	47296058	0.4993	482494	47345562	0.55315	4.0284942228415836e-8	7.3948572548298666	5.493875705381992	0.09646804604210996	0.22976607914723465	1.0110201193003742e-6
36969	18482382	0.2548	34854	18355256	0.3996	35496	18394298	0.3556	3.328330848827006e-7	6.477773509701561	5.107292853315606	0.0744875594441373	0.227447979897748	5.248462200575232e-7
402197	42223344	0.2518	399174	42030714	0.5862	402854	42267995	0.46325	1.1756770610870815e-7	6.929711955341818	5.301090054903654	0.09235730358015776	0.22939035812491912	1.2619570429822569e-6
450758	45314236	0.24835	450322	45288558	0.54475	450351	45290517	0.4074	7.135637486736808e-8	7.146567221623654	5.391770586240379	0.09665728047051486	0.22805237445775586	5.177055290950507e-7
280495	34332749	0.24595	280184	34313259	0.59655	280437	34328953	0.33015	6.585983667605132e-8	7.181379350617394	5.406195210568856	0.10626741906947847	0.23180544756242827	1.2530386186502268e-6
125131	24160108	0.24945	125099	24157715	0.5312	125463	24180063	0.6717	3.6096148085801943e-7	6.442539140319708	5.091895672122226	0.13184726580054518	0.2294499064816121	9.438414346389807e-7
127377	24300783	0.25275	125951	24213037	0.53825	126480	24246837	0.61615	3.5782749114237996e-9	8.446326296544523	-5.907890224217539	-0.13275975638680954	0.22793185205526215	1.0928245142395036e-6
300110	35600568	0.2544	299233	35540451	0.69	300452	35624210	0.3071	4.673670621099212e-8	7.330341897951412	5.467516494246017	0.11581804816532704	0.22924002354783685	8.937349182232551e-7
126654	24257588	0.2513	125951	24213037	0.53825	126480	24246837	0.61615	3.944046971006276e-9	8.40405792153829	-5.89177574345217	-0.13239698350449244	0.22876516474806344	9.555479111722662e-7
380528	40822921	0.25045	378189	40660724	0.68535	381083	40861097	0.47655	1.2691704992099203e-6	5.896480031260598	-4.847488026517284	-0.10435705240425298	0.22852205773025974	1.3975068477835543e-6
522793	49957126	0.25095	522399	49930433	0.48505	523661	50009287	0.4589	3.208069411626127e-9	8.493756243642212	5.925923326852898	0.10298638194780728	0.23000111010287108	4.862346957629509e-7
252177	32511212	0.2537	249797	32374054	0.60875	252279	32517328	0.58705	5.403924237735807e-8	7.267290748355396	-5.441640054679487	-0.10787599088305616	0.22793947385118385	8.991026955098812e-7
358983	39422422	0.24965	359503	39456239	0.6091	359658	39465116	0.33655	2.1930650790403755e-9	8.658948480475345	5.988330304884782	0.11232095052794167	0.22962040011177456	8.937349182232551e-7
466775	46332599	0.2526	466938	46344376	0.4447	467160	46357215	0.62225	3.0562313119456647e-7	6.5148137791212415	-5.123432805682613	-0.11236168638352112	0.2291471063138131	8.329030001166065e-7
494298	48111501	0.25085	493267	48047058	0.38925	494080	48098493	0.52725	3.020570602079419e-7	6.519911008722743	5.12565017615247	0.09088342736879328	0.22992825420008908	7.444796831494469e-7
513263	49350799	0.24885	513258	49350486	0.38935	513386	49358427	0.54255	1.7805776111227514e-7	6.749439091718595	5.224589841074007	0.07391382961693956	0.23014087921721457	4.883861767176542e-7
258305	32910505	0.25345	257510	32864216	0.6383	257681	32873789	0.61185	9.354649246181366e-8	7.0289724917881005	5.342775422363466	0.11902823162752879	0.22895154406275564	9.496676163342831e-7
533040	50633701	0.248	531558	50535988	0.6851	533404	50659764	0.4755	3.870232008851754e-8	7.412262999543395	5.5009669518482625	0.11906120548108692	0.22993996263630467	1.5561295944726277e-6
299859	35583673	0.247	299340	35547051	0.4466	300706	35639736	0.53	2.9193777447682342e-8	7.534709707048848	5.5506127749328105	0.09528240093454021	0.23174382792279533	9.380687041518921e-7
39544	18648834	0.24735	39548	18648901	0.61285	39627	18653388	0.7113	2.0596994251960398e-9	8.686196152205163	-5.998565177388237	-0.1350557889521389	0.2287393716201971	3.2174411047405777e-7
426037	43762492	0.2512	425924	43753756	0.40405	426030	43761911	0.6805	9.873328537999735e-8	7.005536411465002	5.332960668203844	0.13479663805389566	0.2287741887670971	5.602052592069734e-7
55725	19700448	0.2485	55670	19697582	0.3592	55730	19700692	0.8074	2.1211668110733103e-10	9.67342517670739	-6.358877190364168	-0.1454166792929663	0.22948872442596815	6.729022273063724e-7
158888	26374492	0.2462	158599	26357247	0.38435	158956	26378419	0.7354	8.196795755071545e-7	6.086355886378612	4.933745542330807	0.13658850824716318	0.22943914891411415	8.937349182232551e-7
410393	42758529	0.25085	412128	42868406	0.401	412140	42869142	0.4369	9.507227223984907e-7	6.021946126270585	4.904642572459697	0.0749287145844254	0.22906451674891296	1.1608739058763438e-6
505258	48827164	0.2495	505169	48820864	0.60985	505180	48821672	0.6006	5.701459096466659e-9	8.24401398705507	5.830380208534815	0.14153289179447914	0.22886099229732876	4.460263512368311e-7
251137	32449471	0.2539	249797	32374054	0.60875	252279	32517328	0.58705	6.863607898563641e-8	7.163447534651501	-5.398769550591772	-0.10702922498594353	0.22785066777932672	9.9200444417991e-7
179089	27684352	0.24635	179062	27682689	0.5746	179165	27688649	0.5156	1.7162091033377078e-11	10.765429798717392	6.736124258779509	0.1307054173056342	0.2306086993911783	5.471776576418832e-7
365013	39807107	0.2488	364381	39769304	0.4695	364501	39776482	0.46095	5.708643876805986e-8	7.243467048806612	5.431832689471306	0.0917866522551386	0.2297052228882925	8.377314233056883e-7
365440	39831898	0.24735	364551	39779573	0.2858	364605	39782677	0.54705	1.0752882313875767e-8	7.968475107355141	5.723227865639512	0.13167208284345042	0.23176954200180935	7.912644405760406e-7
508058	49007002	0.24965	508047	49006092	0.54225	508065	49007508	0.6522	1.0418422669421367e-10	9.982198027468325	-6.467664195084761	-0.1333980975058834	0.2279250497999075	5.628665668516622e-7
298996	35524332	0.24615	298763	35510158	0.34665	298957	35521954	0.7416	2.5438808687887036e-7	6.594503230774854	5.15799742934151	0.1007847134564673	0.22938097542136307	9.380687041518921e-7
252204	32513154	0.2537	249797	32374054	0.60875	252279	32517328	0.58705	5.403924237735807e-8	7.267290748355396	-5.441640054679487	-0.10787599088305616	0.22793947385118385	8.884150675195452e-7
369002	40057981	0.25025	368385	40016608	0.45505	369321	40079010	0.4266	2.5657150311986016e-7	6.590791581496014	5.156392320485965	0.09398918415990294	0.22776616377849151	9.555479111722662e-7
33189	18247607	0.24655	32607	18209502	0.29825	32974	18231341	0.4407	8.742465752679015e-9	8.058366060300004	5.758391044385079	0.09214501344654985	0.23029686324255	8.329030001166065e-7
14745	17017388	0.2525	11637	16817398	0.48765	12425	16871824	0.31785	8.327890488308699e-7	6.07946499442883	4.9306395534380885	0.09759939072714373	0.2295022164394693	1.0575743474766276e-6
365088	39810988	0.2503	364381	39769304	0.4695	364501	39776482	0.46095	7.165621434403212e-8	7.144746139693852	5.391015016277737	0.0910997759595172	0.22905241647991054	8.426019548365352e-7
193135	28611721	0.2465	192119	28545593	0.62965	194342	28694663	0.33475	2.259798304253279e-7	6.64593032158659	5.180189503747638	0.10282397683828429	0.22979301952648773	1.2268433321064902e-6
125162	24162435	0.24945	125099	24157715	0.5312	125463	24180063	0.6717	3.6096148085801943e-7	6.442539140319708	5.091895672122226	0.13184726580054518	0.2294499064816121	9.496676163342831e-7
87566	21740575	0.24755	87420	21731472	0.76465	87522	21737727	0.1932	1.5965808853840569e-10	9.796809074502473	6.402558105278761	0.1247054224522414	0.23096952749978783	8.831425745372333e-7
365363	39826659	0.2473	364551	39779573	0.2858	364605	39782677	0.54705	1.0814162764950844e-8	7.966007098105314	5.7222595745473255	0.13164925386229961	0.2318312465615288	8.186655751125666e-7
124549	24121908	0.25405	124350	24109699	0.6612	125109	24158850	0.2495	1.9648232485066377e-8	7.70667651177752	5.619641671683588	0.08966715826787419	0.2272262325624466	8.23370549682179e-7
251856	32490645	0.25345	249797	32374054	0.60875	252279	32517328	0.58705	5.532713649907423e-8	7.257061806468158	-5.437431192788438	-0.10779328733767227	0.22803029690703064	9.438414346389807e-7
158906	26375875	0.24605	158599	26357247	0.38435	158956	26378419	0.7354	8.082754288178414e-7	6.092440623343008	4.9364866615781695	0.13666368800815712	0.22948976152941966	9.045189768081335e-7
314691	36549489	0.24935	314456	36532234	0.79395	314868	36560310	0.31385	1.1738689971583275e-7	6.9303803673011695	5.301371783843587	0.12944453972452763	0.2289070034554585	8.377314233056883e-7
364478	39775022	0.2512	365144	39814341	0.4528	365609	39842708	0.6532	6.06690456574304e-7	6.217032836586719	4.992307545354054	0.15556011538094872	0.23093927156591568	7.694675284702986e-7
455152	45601157	0.24615	455009	45592852	0.4907	455198	45603882	0.2682	5.1490587837313706e-8	7.288272150063534	5.450263669625618	0.08158102845413116	0.22952460660480312	7.526719855486979e-7
285666	34667555	0.2518	283977	34562530	0.87265	284810	34612673	0.3021	6.175790473991107e-7	6.2093074467288405	4.988863189735812	0.15374692391666298	0.22951469194142093	1.606425702811245e-6
290980	35016920	0.2542	290463	34985760	0.55285	291030	35020624	0.64395	6.386405042073482e-10	9.194743540860921	6.1866505513491346	0.13765812558336357	0.2263655569707627	1.429388221841052e-6
138792	25071254	0.2486	138796	25071447	0.37655	138812	25072751	0.5461	3.303128133047792e-12	11.481074579079925	-6.972814649433983	-0.13396914319927972	0.23056838135523064	9.796238244514107e-7
285787	34675972	0.2517	283977	34562530	0.87265	284810	34612673	0.3021	6.208088993058032e-7	6.207042066086689	4.987852754341093	0.15371602507387044	0.22954010207657094	1.5561295944726277e-6
504412	48772507	0.245	504459	48775162	0.5641	505081	48814996	0.4336	5.471400393507771e-8	7.2619015026730285	-5.439422943099359	-0.09572678055944638	0.2300877492293589	5.130257231097568e-7
251839	32489797	0.25345	249797	32374054	0.60875	252279	32517328	0.58705	5.532713649907423e-8	7.257061806468158	-5.437431192788438	-0.10779328733767227	0.22803029690703064	9.438414346389807e-7
126728	24262063	0.25125	125951	24213037	0.53825	126480	24246837	0.61615	3.883994118480193e-9	8.410721436414272	-5.894318912061871	-0.13245399382601097	0.22879679654777887	9.67473539598692e-7
299242	35541138	0.25215	300535	35629685	0.48755	300651	35637154	0.46255	2.1571902790756886e-10	9.66611154543621	6.3562790550730295	0.11071906318127046	0.22716409250992364	9.380687041518921e-7
358905	39416152	0.2485	359503	39456239	0.6091	359658	39465116	0.33655	2.3959410676721076e-8	7.620523868377706	5.585159327479863	0.10480717394874334	0.22982805689321556	8.574711460959339e-7
290822	35007419	0.2463	290463	34985760	0.55285	291030	35020624	0.64395	6.756995769959978e-11	10.170246352953612	6.533075050828436	0.14533977911844606	0.22873006292900142	1.3975068477835543e-6
85141	21585634	0.25205	83290	21463126	0.7133	84360	21537464	0.76865000000000006	1.18180153863799e-7	6.927455448929416	-5.300138856830485	-0.13163393524077008	0.2287468062956926	6.6255002252670085e-07
440249	44661710	0.24855	439016	44581496	0.4848	440487	44675744	0.7726	4.680522320737065e-8	7.329705679328374	5.467255960244299	0.13223571782083768	0.2306543386839938	4.367536971200461e-7
365346	39825669	0.2474	364551	39779573	0.2858	364605	39782677	0.54705	1.0735482149078875e-8	7.969178445873079	5.723503783094432	0.1316775141305293	0.23179796505005454	8.093758093758094e-7
53116	19526364	0.24965	53146	19528168	0.52115	53234	19534930	0.57025	7.052760403674436e-9	8.151640869753802	5.794665657110706	0.12371848393883025	0.2312585804508554	8.281162012653616e-7
450393	45292949	0.25115	450322	45288558	0.54475	450351	45290517	0.4074	1.1417944595153487e-9	8.942412068710444	6.094011791844098	0.10916488901757634	0.22716056827458303	4.971364937957366e-7
170399	27119259	0.25125	168680	27008401	0.1152	169617	27068826	0.05315	1.3513703548914059e-7	6.869225612455807	5.275537557306848	0.10393666780369862	0.23065170140437477	7.324397568300008e-7
533237	50648818	0.2483	532769	50614833	0.489	533520	50667627	0.3728	2.1271584884008565e-7	6.672200150871277	-5.191491501797238	-0.11367887978056061	0.23062069241420544	1.6865681710854753e-6
252492	32531411	0.25385	249797	32374054	0.60875	252279	32517328	0.58705	7.522236778860347e-8	7.123653000329462	-5.3822562116420345	-0.10670440268885853	0.22789437797825995	9.614829913658827e-7
109560	23183904	0.2454	109074	23154311	0.50835	109195	23162641	0.20685	1.7491814589273662e-7	6.757165134762014	5.227889851624849	0.06821269150094555	0.23155236007370966	5.848568855201133e-7
346571	38609194	0.24915	345497	38538972	0.77475	346266	38589570	0.2821	1.2329971445086362e-11	10.909037929183325	6.7842510103312055	0.14829118967573748	0.22806001817251007	9.67473539598692e-7
527976	50291982	0.24685000000000001	526777	50209099	0.49945	528413	50323665	0.37315	2.776891122180404e-9	8.556441147964264	5.949677364683194	0.10853262301040406	0.2304294975843519	8.377314233056883e-7
300015	35594704	0.25465	299233	35540451	0.69	300452	35624210	0.3071	4.57517994268701e-8	7.339591820378032	5.471303061410296	0.11589739097067253	0.22913636164136306	9.099843482692098e-7
290597	34994539	0.247	290463	34985760	0.55285	291030	35020624	0.64395	9.209165426839036e-11	10.035779725605696	6.486365856544074	0.14430746325849547	0.22839560215213991	1.3271400132714001e-6
389278	41395718	0.25245	389204	41391214	0.7606	389848	41430688	0.55685	1.4829045004245236e-6	5.828886816789639	-4.816437070883952	-0.12842794678379083	0.22809885603323166	1.5318627450980394e-6
205622	29439463	0.255	205331	29420816	0.3992	205879	29456638	0.72015	2.9700663481639963e-7	6.527233848891656	5.128834159563108	0.14402056587046197	0.22784156424048574	1.4402580942504897e-6
367219	39943920	0.2469	366076	39871359	0.4494	367176	39941878	0.8558	1.3035706801569123e-8	7.884865416225659	-5.6903384716498975	-0.160059570052395	0.2299537199097742	7.652163266555456e-7
20280	17380094	0.2472	20374	17385609	0.66695	20512	17394554	0.49595	3.160670822454526e-10	9.500220732707021	6.297074376069115	0.13669689124331597	0.2304290645865109	8.329030001166065e-7
290857	35009234	0.2463	290463	34985760	0.55285	291030	35020624	0.64395	6.756995769959978e-11	10.170246352953612	6.533075050828436	0.14533977911844606	0.22873006292900142	1.4186409419775855e-6
251907	32493340	0.2537	249797	32374054	0.60875	252279	32517328	0.58705	5.403924237735807e-8	7.267290748355396	-5.441640054679487	-0.10787599088305616	0.22793947385118385	9.496676163342831e-7
290570	34992919	0.24715	290463	34985760	0.55285	291030	35020624	0.64395	9.120415051318583e-11	10.0399853973738	6.487831600215105	0.14433964356349144	0.22836723616476926	1.336862650731264e-6
455845	45647433	0.25475	455009	45592852	0.4907	455208	45604562	0.5036	8.586762104111718e-7	6.066170569045233	4.924642121228721	0.07437216081607498	0.22703636490482776	8.884150675195452e-7
365427	39830772	0.24735	364551	39779573	0.2858	364605	39782677	0.54705	1.0752882313875767e-8	7.968475107355141	5.723227865639512	0.13167208284345042	0.23176954200180935	8.047901107391193e-7
369107	40064819	0.2509	368385	40016608	0.45505	369321	40079010	0.4266	5.586680483586308e-7	6.252846166331514	5.008246170077098	0.0912978175081353	0.22772389536464577	1.0046212577858147e-6
277639	34152782	0.2504	277174	34120672	0.47805	277269	34127855	0.7198	9.30517751679496e-10	9.03127533732858	-6.126787308575977	-0.14861562251769359	0.22857943448120882	1.1000858066929221e-6
504401	48771242	0.2495	504459	48775162	0.5641	505081	48814996	0.4336	3.4193419045236216e-8	7.466057471351992	-5.522829341422144	-0.09718626499922037	0.22859390857562928	5.130257231097568e-7
520202	49788583	0.2523	520125	49784054	0.55845	520282	49792851	0.465	3.7805282940131465e-7	6.422447507267733	5.083096359800755	0.0936288551654969	0.23222094553404946	4.072987943955686e-7
271944	33788843	0.2517	271300	33746670	0.45935	271485	33759369	0.5611	4.840052194683367e-7	6.315149954938078	5.035862727403353	0.09182312874386989	0.22996019496693856	7.780769051213022e-7
360467	39517006	0.2507	361192	39566176	0.8996	361232	39569020	0.1974	1.8984878866318873e-7	6.721592169546418	5.212679483440879	0.1246643837205969	0.23294167920521974	8.426019548365352e-7
497449	48316668	0.2483	497425	48315251	0.55685	498049	48356829	0.2929	1.107416326560888e-7	6.955689078003935	5.312028888777193	0.10126782559823834	0.22955211349735713	6.051730189661225e-7
526369	50182869	0.25105	525456	50122699	0.5317	525718	50140306	0.40045	4.4910775741616867e-7	6.347649443325307	5.0502126912269665	0.10268892211507993	0.22829582581186955	7.737542556484061e-7
427942	43883928	0.2462	427658	43868054	0.49045	427926	43883396	0.40455	1.6214169382559192e-9	8.79010529440456	6.037445579373232	0.10756065242748337	0.23148412502978008	7.957348611442668e-7
450443	45296211	0.25115	450053	45271199	0.5796	450492	45299058	0.4004	2.7054840689250057e-10	9.567755019039968	6.321240045493117	0.11941758698960594	0.2291731936550641	4.993608181527645e-7
21549	17459970	0.2508	21393	17451169	0.7223	21705	17469671	0.3292	3.749305204967505e-9	8.426049205233785	5.900164921398173	0.18277366617346563	0.23309850062213994	7.694675284702986e-7
338670	38081986	0.2514	337229	37987103	0.4472	338270	38055907	0.61735	1.4379595768391314e-7	6.842253322438853	5.26410579464503	0.10175315094533077	0.23074637707935874	9.85784980580036e-7
300060	35597175	0.2522	299233	35540451	0.69	300452	35624210	0.3071	3.828798703310262e-8	7.416937465812046	5.502869910480783	0.11651754235131119	0.22848004472293088	8.884150675195452e-7
111233	23286198	0.24805	111182	23283122	0.19125	111199	23284412	0.6662	5.875829045485027e-8	7.230930848294061	5.426665325301299	0.1374399269892982	0.23434417409482675	7.130124777183601e-7
53141	19527939	0.24575	53146	19528168	0.52115	53234	19534930	0.57025	1.9480228939142037e-9	8.710405943431642	6.00764514329274	0.1283244373247272	0.23525213703519007	8.186655751125666e-7
124536	24121017	0.2546	124350	24109699	0.6612	125109	24158850	0.2495	1.9229160774331246e-7	6.716039669429241	5.210301600075889	0.08315915054253573	0.22687284870100513	8.186655751125666e-7
290928	35013577	0.2462	290970	35016419	0.1271	291510	35049085	0.18675	1.2904894453433055e-6	5.88924554311384	-4.844173437926132	-0.1512613842028428	0.2268797377574043	1.408014418067641e-6
427756	43873996	0.24665	427658	43868054	0.49045	427855	43879167	0.2914	1.890095091666214e-7	6.723516345696048	5.213503284827572	0.1228883683895584	0.23142458784011388	7.780769051213022e-7
364676	39786692	0.2488	364381	39769304	0.4695	365467	39833397	0.4409	3.0007134500694506e-7	6.5227754750834475	5.126895870023959	0.09283275417256359	0.2303816059079068	8.093758093758094e-7
258361	32913570	0.2545	257458	32861323	0.30175	258167	32901771	0.4288	1.9994859844774668e-8	7.699081635734226	5.616609830027057	0.09350071527829926	0.2285138357851534	9.438414346389807e-7
25876	17748440	0.249	25809	17744805	0.20555	26263	17774910	0.4953	8.580310808071796e-8	7.066496980241537	5.358455259963375	0.08113859018196848	0.2304003564999022	4.190552817727715e-7
365079	39810611	0.2499	364381	39769304	0.4695	365144	39814341	0.4528	4.512181619069341e-9	8.345613427958183	5.869425583285543	0.10585641538842756	0.2293388244410922	8.426019548365352e-7
210790	29769840	0.24625	208938	29652192	0.60655	211389	29809777	0.73505	2.9154024277197334e-8	7.535301488906631	5.550851701225673	0.13909495819446904	0.2331713630182552	1.3666803334700015e-6
473294	46756109	0.2484	472377	46694597	0.477	472565	46706745	0.55215	1.1603177323248972e-9	8.935423070686243	-6.0914269658029445	-0.1156900644949415	0.23103692641609583	6.425496369594551e-7
207353	29561250	0.25095	206777	29519425	0.3312	207116	29544983	0.6581	7.603522940837633e-7	6.118985139394861	4.948428274363596	0.07794264530057848	0.22867175586759814	1.3566312133709573e-6
328651	37432094	0.24815	328826	37443885	0.623	329281	37470277	0.43045	8.272955530693307e-8	7.082339310113144	5.365062219149782	0.10904245461109363	0.23414670820161848	5.602052592069734e-7
328779	37440422	0.2482	327957	37388479	0.40395	328499	37422374	0.32315	1.2358593057620633e-9	8.90803096792771	6.08128620583353	0.0926189650632002	0.23753202005252694	5.628665668516622e-7
494064	48097429	0.25235	493267	48047058	0.38925	494080	48098493	0.52725	1.1187638712246071e-8	7.951261566952941	5.716471146240887	0.10131084446524972	0.23294187485282986	7.824358793796849e-7
455810	45645471	0.2477	455708	45638894	0.37865	455957	45654690	0.6795	4.534839319581914e-8	7.343438096444061	5.472876858806819	0.10374600959925749	0.23379476512432726	8.676036786395975e-7
251505	32470838	0.25365	251133	32449284	0.3334	252279	32517328	0.58705	1.89993967169523e-7	6.721260188871289	5.212537339619396	0.10713042890218454	0.2301079862238076	9.045189768081335e-7
252737	32547278	0.24535	249666	32365800	0.46015	252875	32555446	0.3933	3.252632336309685e-8	7.487765024740283	5.53162848779629	0.1000328159955303	0.23114136774814203	9.496676163342831e-7
494073	48097981	0.25235	493267	48047058	0.38925	494080	48098493	0.52725	1.2948907537840076e-7	6.8877668702160255	5.283382580513916	0.09363476250217308	0.2323609361186304	7.868315865672112e-7
482500	47346080	0.2469	482877	47370243	0.5642	483468	47403159	0.50795	7.200119046438475e-7	6.1426603229043	4.959056577051592	0.08635544444531491	0.23329072218089653	1.0174803117559676e-6
421857	43490317	0.2486	421721	43480181	0.6202	421807	43486793	0.55465	3.7922631710168854e-8	7.421101531630773	5.504564567881396	0.12101947098216778	0.23327838907381168	7.694675284702986e-7
403523	42311791	0.24615	404074	42346128	0.4158	404522	42374797	0.5304	6.493342088760681e-8	7.187531716587042	5.408740741161358	0.09637023407179159	0.22874235371830484	1.2800819252432156e-6
455801	45644837	0.2502	455152	45601157	0.24615	455208	45604562	0.5036	3.858438484826308e-7	6.413588419325768	5.079211942256869	0.09272570895147655	0.23075160377385584	8.676036786395975e-7
148959	25731431	0.252	148653	25711808	0.63075	148883	25726508	0.44865	6.252932397109394e-8	7.203916266620956	5.415514361176367	0.1006087771568166	0.2304720875432065	6.943480072212193e-7
252950	32559830	0.25455	250033	32387339	0.7429	252846	32553863	0.15185	1.2678959706516212e-7	6.896916378335487	5.2872498422197785	0.08177684938769865	0.23077218553780882	9.555479111722662e-7
428260	43903502	0.25095	427454	43853652	0.24755	428015	43888095	0.13255	4.844046916066392e-7	6.314791659234585	-5.035704312417054	-0.09092658464702977	0.2277738880636504	8.574711460959339e-7
455799	45644753	0.24845	455585	45629937	0.5436	455645	45634028	0.52035	2.9175881392012437e-7	6.534976015217281	5.132198468423969	0.09640405994486304	0.23454793215843148	8.676036786395975e-7
193818	28658994	0.24655	190967	28468578	0.37015	191504	28503921	0.6277	1.1359417339771295e-6	5.944643944383081	4.86950186944486	0.08837878552437359	0.2289759059903734	1.2619570429822569e-6
526254	50175823	0.2508	526157	50169745	0.4649	526777	50209099	0.49945	5.926684792280219e-7	6.227188169878171	4.996831938501602	0.0890573208838978	0.23088784119170364	7.61000258740088e-7
535146	50774111	0.2451	534562	50734934	0.2124	534954	50760634	0.5008	2.6973120715824434e-6	5.569068803964004	4.6953208578920576	0.05887451499026345	0.23218661296673992	3.695491500369549e-6
317167	36705154	0.245	316759	36682551	0.209	317855	36746530	0.715	5.354678908081084e-9	8.271266566406258	5.840877688833914	0.09099001143476672	0.2329543299432056	8.329030001166065e-7
111535	23306377	0.2457	111537	23306504	0.49545	112436	23363887	0.69885	5.922036419131296e-7	6.227528926129576	-4.996983685978223	-0.17627601498637793	0.23343987955625148	7.324397568300008e-7
442067	44777241	0.2482	442153	44781752	0.8498	442179	44783229	0.59755	1.5650032896488207e-7	6.805484745226268	-5.248484636095581	-0.18284499073195254	0.23189640476231344	4.7361939945060154e-7
365141	39814123	0.2492	364501	39776482	0.46095	364605	39782677	0.54705	2.6343120417488774e-7	6.579332782911404	-5.151434007648782	-0.08974557805598748	0.23108798178686502	8.377314233056883e-7
124676	24130822	0.2546	124350	24109699	0.6612	125109	24158850	0.2495	9.693305607951737e-8	7.013528094726348	5.336309385354733	0.08513835031975764	0.22860855406762798	8.475150857685268e-7
110704	23255076	0.25125	110561	23246800	0.1079	111128	23280372	0.73595	8.928477959094679e-8	7.049222569141113	5.351242373027703	0.12061310890951525	0.2310325792714162	6.799390774586598e-7
300688	35638982	0.24935	299073	35529940	0.61905	299086	35530831	0.75135	3.329854393423969e-7	6.477574756738443	5.107206120646183	0.1429832590835905	0.23161726274952515	8.727374282173466e-7
454072	45529345	0.25245	453216	45472944	0.24195	453982	45522216	0.4817	5.157449656745894e-7	6.287565002599439	5.023652899198533	0.09926196375733673	0.22823247899643812	7.168356009232843e-7
70409	20639462	0.2488	69849	20604726	0.54075	70829	20663416	0.5858	5.032469242237217e-7	6.298218870779591	5.028371844076318	0.09329890471851364	0.23089167101213653	5.272593061267532e-7
531676	50543441	0.24515	531558	50535988	0.6851	532584	50604092	0.5032	3.5373358485757216e-7	6.451323704601747	-5.095738514134485	-0.10420648928127564	0.23347295875223587	1.2014609765474818e-6

