Cis/trans,SNP1_rs,SNP1_pos,SNP1_chr,SNP2_rs,SNP2_pos,SNP2_chr,SNP3_pos,SNP3_chr,Wood_pvalue
Cis,rs1891432,203877662,1,rs10900520,203780591,1,203747772,1,1.60E-04
Cis,rs16864367,152234166,3,rs13079208,152116652,3,152182577,3,2.70E-06
Cis,rs2123758,144663661,8,rs3889129,144613680,8,144684215,8,6.20E-06
Cis,rs2395095,76446305,10,rs10824092,75929517,10,75928933,10,9.10E-04
Cis,rs7930237,88117962,11,rs556895,88077479,11,88015717,11,5.00E-06
Cis,rs898095,80890638,17,rs9892064,80827903,17,80678628,17,2.90E-12
Cis,rs8092433,74747424,18,rs4890876,74732087,18,74723459,18,0.05
Cis,rs4284750,19810050,19,rs873870,19738554,19,19756073,19,7.90E-03
Cis,rs807491,36268923,19,rs7254601,36147315,19,36234489,19,2.90E-06
Cis,rs9978658,48027084,21,rs11701361,47764477,21,47703649,21,7.20E-03
Cis,rs9979356,45230974,21,rs3761385,45198355,21,45201832,21,8.30E-07
Cis,rs2839372,48063862,21,rs11701058,47776382,21,47887791,21,2.60E-04
Trans,rs7710738,22101322,5,rs13069559,152187431,3,152182577,3,2.30E-02
Trans,rs2030926,114067127,6,rs13069559,152187431,3,152182577,3,3.20E-02
Trans,rs11981513,94648239,7,rs13069559,152187431,3,152182577,3,1.60E-02